pc_time,sender,type,loop,drive,speed_state,target,current,compute_ms,max_ms,overrun,error,filtered_error,filtered_rate,confidence,active,wide,curve,kp,kd,p,d,steering,scale,left,right,finished,mode,control_ms,loops,average_compute_ms,max_compute_ms,overrun_count,overrun_rate,line_lost_entry,telemetry_sent,telemetry_skip,debug_skip,network_slow,raw_message
2026-07-09 11:25:35.808,192.168.0.50:61880,boot,,,,,,,,,,,,,,,,0.240,0.420,,,,,,,,HIGH_SPEED_LATE_SAFE,10,,,,,,,,,,,"type=boot,telemetry_ok=True,mode=HIGH_SPEED_LATE_SAFE,control_ms=10,base_speed=850,max_speed=1000,kp=0.240,kd=0.420,late_after=36000,late_base=540,late_max=620"
2026-07-09 11:25:41.230,192.168.0.50:61880,start,,,,,,,,,,,,,,,,,,,,,,,,,,,,,,,,,,,,,type=start
2026-07-09 11:25:41.471,192.168.0.50:61880,status,51,,,1000,975,3,3,0,81,63.4,15.4,0.55,2,,,0.240,0.420,,,3,,978,972,,FAST,,,,,,,,,,,,"type=status,loop=51,target=1000,current=975,compute_ms=3,max_ms=3,overrun=0,error=81,filtered_error=63.4,filtered_rate=15.4,confidence=0.55,active=2,kp=0.240,kd=0.420,steering=3,left=978,right=972,on_line=1,mode=FAST"
2026-07-09 11:25:41.965,192.168.0.50:61880,status,100,,,460,460,3,20,1,-2338,-2562.6,88.2,0.72,3,,,0.240,0.420,,,-563,,80,1000,,HARD,,,,,,,,,,,,"type=status,loop=100,target=460,current=460,compute_ms=3,max_ms=20,overrun=1,error=-2338,filtered_error=-2562.6,filtered_rate=88.2,confidence=0.72,active=3,kp=0.240,kd=0.420,steering=-563,left=80,right=1000,on_line=1,mode=HARD"
2026-07-09 11:25:42.534,192.168.0.50:61880,status,150,,,1000,875,3,20,1,-23,96.0,13.3,0.73,3,,,0.240,0.420,,,7,,882,868,,FAST,,,,,,,,,,,,"type=status,loop=150,target=1000,current=875,compute_ms=3,max_ms=20,overrun=1,error=-23,filtered_error=96.0,filtered_rate=13.3,confidence=0.73,active=3,kp=0.240,kd=0.420,steering=7,left=882,right=868,on_line=1,mode=FAST"
2026-07-09 11:25:42.991,192.168.0.50:61880,status,199,,,460,460,3,20,2,1694,1578.4,120.6,0.81,3,,,0.240,0.420,,,415,,875,80,,HARD,,,,,,,,,,,,"type=status,loop=199,target=460,current=460,compute_ms=3,max_ms=20,overrun=2,error=1694,filtered_error=1578.4,filtered_rate=120.6,confidence=0.81,active=3,kp=0.240,kd=0.420,steering=415,left=875,right=80,on_line=1,mode=HARD"
2026-07-09 11:25:43.512,192.168.0.50:61880,status,250,,,700,700,3,20,2,1541,1454.6,80.7,0.73,3,,,0.240,0.420,,,368,,1000,332,,FAST,,,,,,,,,,,,"type=status,loop=250,target=700,current=700,compute_ms=3,max_ms=20,overrun=2,error=1541,filtered_error=1454.6,filtered_rate=80.7,confidence=0.73,active=3,kp=0.240,kd=0.420,steering=368,left=1000,right=332,on_line=1,mode=FAST"
2026-07-09 11:25:44.101,192.168.0.50:61880,status,299,,,460,460,2,20,3,1107,831.3,80.2,0.72,3,,,0.240,0.420,,,218,,850,242,,HARD,,,,,,,,,,,,"type=status,loop=299,target=460,current=460,compute_ms=2,max_ms=20,overrun=3,error=1107,filtered_error=831.3,filtered_rate=80.2,confidence=0.72,active=3,kp=0.240,kd=0.420,steering=218,left=850,right=242,on_line=1,mode=HARD"
2026-07-09 11:25:44.475,192.168.0.50:61880,status,349,,,460,460,2,20,3,329,167.0,40.2,0.72,3,,,0.240,0.420,,,42,,850,418,,HARD,,,,,,,,,,,,"type=status,loop=349,target=460,current=460,compute_ms=2,max_ms=20,overrun=3,error=329,filtered_error=167.0,filtered_rate=40.2,confidence=0.72,active=3,kp=0.240,kd=0.420,steering=42,left=850,right=418,on_line=1,mode=HARD"
2026-07-09 11:25:45.027,192.168.0.50:61880,status,398,,,1000,900,3,20,4,-17,32.2,-34.3,0.64,3,,,0.240,0.420,,,-7,,893,907,,FAST,,,,,,,,,,,,"type=status,loop=398,target=1000,current=900,compute_ms=3,max_ms=20,overrun=4,error=-17,filtered_error=32.2,filtered_rate=-34.3,confidence=0.64,active=3,kp=0.240,kd=0.420,steering=-7,left=893,right=907,on_line=1,mode=FAST"
2026-07-09 11:25:45.555,192.168.0.50:61880,status,449,,,520,520,2,20,4,-2830,-2871.2,49.6,0.52,2,,,0.240,0.420,,,-620,,120,1000,,FAST,,,,,,,,,,,,"type=status,loop=449,target=520,current=520,compute_ms=2,max_ms=20,overrun=4,error=-2830,filtered_error=-2871.2,filtered_rate=49.6,confidence=0.52,active=2,kp=0.240,kd=0.420,steering=-620,left=120,right=1000,on_line=1,mode=FAST"
2026-07-09 11:25:46.101,192.168.0.50:61880,status,498,,,1000,1000,2,20,5,-2,-1.7,16.5,0.45,2,,,0.240,0.420,,,3,,1000,997,,FAST,,,,,,,,,,,,"type=status,loop=498,target=1000,current=1000,compute_ms=2,max_ms=20,overrun=5,error=-2,filtered_error=-1.7,filtered_rate=16.5,confidence=0.45,active=2,kp=0.240,kd=0.420,steering=3,left=1000,right=997,on_line=1,mode=FAST"
2026-07-09 11:25:46.501,192.168.0.50:61880,status,548,,,1000,1000,2,20,5,-93,-52.7,-9.7,0.53,2,,,0.240,0.420,,,-2,,998,1000,,FAST,,,,,,,,,,,,"type=status,loop=548,target=1000,current=1000,compute_ms=2,max_ms=20,overrun=5,error=-93,filtered_error=-52.7,filtered_rate=-9.7,confidence=0.53,active=2,kp=0.240,kd=0.420,steering=-2,left=998,right=1000,on_line=1,mode=FAST"
2026-07-09 11:25:47.029,192.168.0.50:61880,status,597,,,1000,1000,2,20,6,9,9.9,-22.3,0.48,2,,,0.240,0.420,,,-5,,995,1000,,FAST,,,,,,,,,,,,"type=status,loop=597,target=1000,current=1000,compute_ms=2,max_ms=20,overrun=6,error=9,filtered_error=9.9,filtered_rate=-22.3,confidence=0.48,active=2,kp=0.240,kd=0.420,steering=-5,left=995,right=1000,on_line=1,mode=FAST"
2026-07-09 11:25:47.603,192.168.0.50:61880,status,647,,,1000,1000,2,20,6,71,54.1,1.5,0.58,2,,,0.240,0.420,,,0,,1000,1000,,FAST,,,,,,,,,,,,"type=status,loop=647,target=1000,current=1000,compute_ms=2,max_ms=20,overrun=6,error=71,filtered_error=54.1,filtered_rate=1.5,confidence=0.58,active=2,kp=0.240,kd=0.420,steering=0,left=1000,right=1000,on_line=1,mode=FAST"
2026-07-09 11:25:48.100,192.168.0.50:61880,status,696,,,1000,900,3,21,7,221,201.1,-5.0,0.72,3,,,0.240,0.420,,,17,,917,883,,FAST,,,,,,,,,,,,"type=status,loop=696,target=1000,current=900,compute_ms=3,max_ms=21,overrun=7,error=221,filtered_error=201.1,filtered_rate=-5.0,confidence=0.72,active=3,kp=0.240,kd=0.420,steering=17,left=917,right=883,on_line=1,mode=FAST"
2026-07-09 11:25:48.679,192.168.0.50:61880,status,746,,,850,850,2,21,7,-283,-283.3,-12.4,0.78,3,,,0.240,0.420,,,-32,,818,882,,FAST,,,,,,,,,,,,"type=status,loop=746,target=850,current=850,compute_ms=2,max_ms=21,overrun=7,error=-283,filtered_error=-283.3,filtered_rate=-12.4,confidence=0.78,active=3,kp=0.240,kd=0.420,steering=-32,left=818,right=882,on_line=1,mode=FAST"
2026-07-09 11:25:49.584,192.168.0.50:61880,status,846,,,1000,1000,3,21,8,-126,-112.1,12.7,0.60,2,,,0.240,0.420,,,-3,,997,1000,,FAST,,,,,,,,,,,,"type=status,loop=846,target=1000,current=1000,compute_ms=3,max_ms=21,overrun=8,error=-126,filtered_error=-112.1,filtered_rate=12.7,confidence=0.60,active=2,kp=0.240,kd=0.420,steering=-3,left=997,right=1000,on_line=1,mode=FAST"
2026-07-09 11:25:50.036,192.168.0.50:61880,status,896,,,850,850,2,21,9,354,380.1,53.6,0.70,3,,,0.240,0.420,,,74,,924,776,,FAST,,,,,,,,,,,,"type=status,loop=896,target=850,current=850,compute_ms=2,max_ms=21,overrun=9,error=354,filtered_error=380.1,filtered_rate=53.6,confidence=0.70,active=3,kp=0.240,kd=0.420,steering=74,left=924,right=776,on_line=1,mode=FAST"
2026-07-09 11:25:50.590,192.168.0.50:61880,status,946,,,1000,1000,2,21,9,4,44.6,-4.9,0.99,5,,,0.240,0.420,,,-1,,999,1000,,FAST,,,,,,,,,,,,"type=status,loop=946,target=1000,current=1000,compute_ms=2,max_ms=21,overrun=9,error=4,filtered_error=44.6,filtered_rate=-4.9,confidence=0.99,active=5,kp=0.240,kd=0.420,steering=-1,left=999,right=1000,on_line=1,mode=FAST"
2026-07-09 11:25:51.155,192.168.0.50:61880,status,995,,,850,850,2,21,11,216,326.2,-35.3,0.62,3,,,0.240,0.420,,,36,,886,814,,FAST,,,,,,,,,,,,"type=status,loop=995,target=850,current=850,compute_ms=2,max_ms=21,overrun=11,error=216,filtered_error=326.2,filtered_rate=-35.3,confidence=0.62,active=3,kp=0.240,kd=0.420,steering=36,left=886,right=814,on_line=1,mode=FAST"
2026-07-09 11:25:51.586,192.168.0.50:61880,status,1045,,,1000,1000,3,21,11,-115,-95.6,-29.0,0.52,2,,,0.240,0.420,,,-11,,989,1000,,FAST,,,,,,,,,,,,"type=status,loop=1045,target=1000,current=1000,compute_ms=3,max_ms=21,overrun=11,error=-115,filtered_error=-95.6,filtered_rate=-29.0,confidence=0.52,active=2,kp=0.240,kd=0.420,steering=-11,left=989,right=1000,on_line=1,mode=FAST"
2026-07-09 11:25:52.223,192.168.0.50:61880,status,1094,,,1000,950,3,21,12,130,113.0,1.6,0.81,3,,,0.240,0.420,,,7,,957,943,,FAST,,,,,,,,,,,,"type=status,loop=1094,target=1000,current=950,compute_ms=3,max_ms=21,overrun=12,error=130,filtered_error=113.0,filtered_rate=1.6,confidence=0.81,active=3,kp=0.240,kd=0.420,steering=7,left=957,right=943,on_line=1,mode=FAST"
2026-07-09 11:25:52.575,192.168.0.50:61880,status,1144,,,700,700,2,21,12,-1042,-818.0,-114.2,0.70,3,,,0.240,0.420,,,-229,,471,929,,FAST,,,,,,,,,,,,"type=status,loop=1144,target=700,current=700,compute_ms=2,max_ms=21,overrun=12,error=-1042,filtered_error=-818.0,filtered_rate=-114.2,confidence=0.70,active=3,kp=0.240,kd=0.420,steering=-229,left=471,right=929,on_line=1,mode=FAST"
2026-07-09 11:25:53.027,192.168.0.50:61880,status,1193,,,460,460,3,21,13,159,259.0,-70.0,0.78,3,,,0.240,0.420,,,18,,850,442,,HARD,,,,,,,,,,,,"type=status,loop=1193,target=460,current=460,compute_ms=3,max_ms=21,overrun=13,error=159,filtered_error=259.0,filtered_rate=-70.0,confidence=0.78,active=3,kp=0.240,kd=0.420,steering=18,left=850,right=442,on_line=1,mode=HARD"
2026-07-09 11:25:53.732,192.168.0.50:61880,status,1243,,,700,510,2,21,13,1006,895.9,68.4,0.72,4,,,0.240,0.420,,,229,,739,281,,FAST,,,,,,,,,,,,"type=status,loop=1243,target=700,current=510,compute_ms=2,max_ms=21,overrun=13,error=1006,filtered_error=895.9,filtered_rate=68.4,confidence=0.72,active=4,kp=0.240,kd=0.420,steering=229,left=739,right=281,on_line=1,mode=FAST"
2026-07-09 11:25:54.622,192.168.0.50:61880,status,1343,,,460,460,3,21,14,-1479,-1376.9,-121.8,0.82,3,,,0.240,0.420,,,-367,,93,850,,HARD,,,,,,,,,,,,"type=status,loop=1343,target=460,current=460,compute_ms=3,max_ms=21,overrun=14,error=-1479,filtered_error=-1376.9,filtered_rate=-121.8,confidence=0.82,active=3,kp=0.240,kd=0.420,steering=-367,left=93,right=850,on_line=1,mode=HARD"
2026-07-09 11:25:55.172,192.168.0.50:61880,status,1393,,,850,775,3,21,15,565,601.4,-19.1,0.72,3,,,0.240,0.420,,,121,,896,654,,FAST,,,,,,,,,,,,"type=status,loop=1393,target=850,current=775,compute_ms=3,max_ms=21,overrun=15,error=565,filtered_error=601.4,filtered_rate=-19.1,confidence=0.72,active=3,kp=0.240,kd=0.420,steering=121,left=896,right=654,on_line=1,mode=FAST"
2026-07-09 11:25:55.663,192.168.0.50:61880,status,1443,,,700,545,3,21,15,1344,1433.6,-34.2,0.76,3,,,0.240,0.420,,,315,,860,230,,FAST,,,,,,,,,,,,"type=status,loop=1443,target=700,current=545,compute_ms=3,max_ms=21,overrun=15,error=1344,filtered_error=1433.6,filtered_rate=-34.2,confidence=0.76,active=3,kp=0.240,kd=0.420,steering=315,left=860,right=230,on_line=1,mode=FAST"
2026-07-09 11:25:56.121,192.168.0.50:61880,status,1492,,,1000,660,3,21,16,-242,-154.2,-38.6,0.86,3,,,0.240,0.420,,,-21,,639,681,,FAST,,,,,,,,,,,,"type=status,loop=1492,target=1000,current=660,compute_ms=3,max_ms=21,overrun=16,error=-242,filtered_error=-154.2,filtered_rate=-38.6,confidence=0.86,active=3,kp=0.240,kd=0.420,steering=-21,left=639,right=681,on_line=1,mode=FAST"
2026-07-09 11:25:56.561,192.168.0.50:61880,status,1542,,,850,820,3,21,16,-14,-66.4,83.8,0.57,2,,,0.240,0.420,,,18,,838,802,,FAST,,,,,,,,,,,,"type=status,loop=1542,target=850,current=820,compute_ms=3,max_ms=21,overrun=16,error=-14,filtered_error=-66.4,filtered_rate=83.8,confidence=0.57,active=2,kp=0.240,kd=0.420,steering=18,left=838,right=802,on_line=1,mode=FAST"
2026-07-09 11:25:57.100,192.168.0.50:61880,status,1591,,,850,720,3,21,17,567,279.9,216.3,0.69,3,,,0.240,0.420,,,143,,863,577,,FAST,,,,,,,,,,,,"type=status,loop=1591,target=850,current=720,compute_ms=3,max_ms=21,overrun=17,error=567,filtered_error=279.9,filtered_rate=216.3,confidence=0.69,active=3,kp=0.240,kd=0.420,steering=143,left=863,right=577,on_line=1,mode=FAST"
2026-07-09 11:25:57.731,192.168.0.50:61880,status,1641,,,850,850,3,21,17,449,489.4,-0.5,0.70,3,,,0.240,0.420,,,77,,927,773,,FAST,,,,,,,,,,,,"type=status,loop=1641,target=850,current=850,compute_ms=3,max_ms=21,overrun=17,error=449,filtered_error=489.4,filtered_rate=-0.5,confidence=0.70,active=3,kp=0.240,kd=0.420,steering=77,left=927,right=773,on_line=1,mode=FAST"
2026-07-09 11:25:58.138,192.168.0.50:61880,status,1690,,,1000,1000,3,21,18,131,117.7,16.8,0.74,3,,,0.240,0.420,,,11,,1000,989,,FAST,,,,,,,,,,,,"type=status,loop=1690,target=1000,current=1000,compute_ms=3,max_ms=21,overrun=18,error=131,filtered_error=117.7,filtered_rate=16.8,confidence=0.74,active=3,kp=0.240,kd=0.420,steering=11,left=1000,right=989,on_line=1,mode=FAST"
2026-07-09 11:25:58.605,192.168.0.50:61880,status,1740,,,1000,1000,3,21,18,-62,-52.4,0.5,0.73,2,,,0.240,0.420,,,0,,1000,1000,,FAST,,,,,,,,,,,,"type=status,loop=1740,target=1000,current=1000,compute_ms=3,max_ms=21,overrun=18,error=-62,filtered_error=-52.4,filtered_rate=0.5,confidence=0.73,active=2,kp=0.240,kd=0.420,steering=0,left=1000,right=1000,on_line=1,mode=FAST"
2026-07-09 11:25:59.066,192.168.0.50:61880,status,1789,,,460,460,2,21,19,-42,-162.0,170.0,0.61,2,,,0.240,0.420,,,46,,850,414,,HARD,,,,,,,,,,,,"type=status,loop=1789,target=460,current=460,compute_ms=2,max_ms=21,overrun=19,error=-42,filtered_error=-162.0,filtered_rate=170.0,confidence=0.61,active=2,kp=0.240,kd=0.420,steering=46,left=850,right=414,on_line=1,mode=HARD"
2026-07-09 11:25:59.563,192.168.0.50:61880,status,1839,,,700,700,2,21,19,-1313,-1180.9,-45.3,0.77,3,,,0.240,0.420,,,-288,,412,988,,FAST,,,,,,,,,,,,"type=status,loop=1839,target=700,current=700,compute_ms=2,max_ms=21,overrun=19,error=-1313,filtered_error=-1180.9,filtered_rate=-45.3,confidence=0.77,active=3,kp=0.240,kd=0.420,steering=-288,left=412,right=988,on_line=1,mode=FAST"
2026-07-09 11:26:00.067,192.168.0.50:61880,status,1888,,,1000,875,3,21,20,-166,-197.9,24.1,0.68,3,,,0.240,0.420,,,-12,,863,887,,FAST,,,,,,,,,,,,"type=status,loop=1888,target=1000,current=875,compute_ms=3,max_ms=21,overrun=20,error=-166,filtered_error=-197.9,filtered_rate=24.1,confidence=0.68,active=3,kp=0.240,kd=0.420,steering=-12,left=863,right=887,on_line=1,mode=FAST"
2026-07-09 11:26:00.544,192.168.0.50:61880,status,1939,,,850,850,2,21,20,312,211.1,83.5,0.59,2,,,0.240,0.420,,,39,,889,811,,FAST,,,,,,,,,,,,"type=status,loop=1939,target=850,current=850,compute_ms=2,max_ms=21,overrun=20,error=312,filtered_error=211.1,filtered_rate=83.5,confidence=0.59,active=2,kp=0.240,kd=0.420,steering=39,left=889,right=811,on_line=1,mode=FAST"
2026-07-09 11:26:01.087,192.168.0.50:61880,status,1988,,,700,700,2,21,21,1260,1118.5,13.5,0.74,3,,,0.240,0.420,,,259,,959,441,,FAST,,,,,,,,,,,,"type=status,loop=1988,target=700,current=700,compute_ms=2,max_ms=21,overrun=21,error=1260,filtered_error=1118.5,filtered_rate=13.5,confidence=0.74,active=3,kp=0.240,kd=0.420,steering=259,left=959,right=441,on_line=1,mode=FAST"
2026-07-09 11:26:01.716,192.168.0.50:61880,status,2038,,,850,745,3,21,21,770,734.1,-52.6,0.77,3,,,0.240,0.420,,,139,,884,606,,FAST,,,,,,,,,,,,"type=status,loop=2038,target=850,current=745,compute_ms=3,max_ms=21,overrun=21,error=770,filtered_error=734.1,filtered_rate=-52.6,confidence=0.77,active=3,kp=0.240,kd=0.420,steering=139,left=884,right=606,on_line=1,mode=FAST"
2026-07-09 11:26:02.056,192.168.0.50:61880,status,2088,,,1000,925,3,21,22,-156,-150.6,-53.4,0.70,3,,,0.240,0.420,,,-24,,901,949,,FAST,,,,,,,,,,,,"type=status,loop=2088,target=1000,current=925,compute_ms=3,max_ms=21,overrun=22,error=-156,filtered_error=-150.6,filtered_rate=-53.4,confidence=0.70,active=3,kp=0.240,kd=0.420,steering=-24,left=901,right=949,on_line=1,mode=FAST"
2026-07-09 11:26:03.273,192.168.0.50:61880,status,2188,,,460,460,2,21,23,14,-57.6,65.3,0.67,2,,,0.240,0.420,,,27,,850,433,,HARD,,,,,,,,,,,,"type=status,loop=2188,target=460,current=460,compute_ms=2,max_ms=21,overrun=23,error=14,filtered_error=-57.6,filtered_rate=65.3,confidence=0.67,active=2,kp=0.240,kd=0.420,steering=27,left=850,right=433,on_line=1,mode=HARD"
2026-07-09 11:26:03.693,192.168.0.50:61880,status,2238,,,850,850,3,21,23,-247,-237.8,29.3,0.63,3,,,0.240,0.420,,,-16,,834,866,,FAST,,,,,,,,,,,,"type=status,loop=2238,target=850,current=850,compute_ms=3,max_ms=21,overrun=23,error=-247,filtered_error=-237.8,filtered_rate=29.3,confidence=0.63,active=3,kp=0.240,kd=0.420,steering=-16,left=834,right=866,on_line=1,mode=FAST"
2026-07-09 11:26:04.097,192.168.0.50:61880,status,2287,,,1000,975,2,21,24,147,81.2,44.0,0.62,3,,,0.240,0.420,,,12,,987,963,,FAST,,,,,,,,,,,,"type=status,loop=2287,target=1000,current=975,compute_ms=2,max_ms=21,overrun=24,error=147,filtered_error=81.2,filtered_rate=44.0,confidence=0.62,active=3,kp=0.240,kd=0.420,steering=12,left=987,right=963,on_line=1,mode=FAST"
2026-07-09 11:26:04.683,192.168.0.50:61880,status,2337,,,460,460,2,21,24,458,305.7,19.0,0.82,3,,,0.240,0.420,,,66,,850,394,,HARD,,,,,,,,,,,,"type=status,loop=2337,target=460,current=460,compute_ms=2,max_ms=21,overrun=24,error=458,filtered_error=305.7,filtered_rate=19.0,confidence=0.82,active=3,kp=0.240,kd=0.420,steering=66,left=850,right=394,on_line=1,mode=HARD"
2026-07-09 11:26:05.100,192.168.0.50:61880,status,2386,,,700,700,2,21,25,1037,1004.2,11.7,0.92,3,,,0.240,0.420,,,231,,931,469,,FAST,,,,,,,,,,,,"type=status,loop=2386,target=700,current=700,compute_ms=2,max_ms=21,overrun=25,error=1037,filtered_error=1004.2,filtered_rate=11.7,confidence=0.92,active=3,kp=0.240,kd=0.420,steering=231,left=931,right=469,on_line=1,mode=FAST"
2026-07-09 11:26:05.820,192.168.0.50:61880,status,2436,,,850,850,2,21,25,685,632.7,24.5,0.66,3,,,0.240,0.420,,,147,,997,703,,FAST,,,,,,,,,,,,"type=status,loop=2436,target=850,current=850,compute_ms=2,max_ms=21,overrun=25,error=685,filtered_error=632.7,filtered_rate=24.5,confidence=0.66,active=3,kp=0.240,kd=0.420,steering=147,left=997,right=703,on_line=1,mode=FAST"
2026-07-09 11:26:06.137,192.168.0.50:61880,status,2485,,,850,850,2,21,26,-212,-220.9,-2.9,0.65,2,,,0.240,0.420,,,-21,,829,871,,FAST,,,,,,,,,,,,"type=status,loop=2485,target=850,current=850,compute_ms=2,max_ms=21,overrun=26,error=-212,filtered_error=-220.9,filtered_rate=-2.9,confidence=0.65,active=2,kp=0.240,kd=0.420,steering=-21,left=829,right=871,on_line=1,mode=FAST"
2026-07-09 11:26:06.686,192.168.0.50:61880,status,2535,,,460,460,2,21,26,-728,-684.9,-29.9,0.72,3,,,0.240,0.420,,,-162,,298,850,,HARD,,,,,,,,,,,,"type=status,loop=2535,target=460,current=460,compute_ms=2,max_ms=21,overrun=26,error=-728,filtered_error=-684.9,filtered_rate=-29.9,confidence=0.72,active=3,kp=0.240,kd=0.420,steering=-162,left=298,right=850,on_line=1,mode=HARD"
2026-07-09 11:26:07.819,192.168.0.50:61880,status,2634,,,850,850,3,21,27,-295,-305.6,0.6,0.66,2,,,0.240,0.420,,,-44,,806,894,,FAST,,,,,,,,,,,,"type=status,loop=2634,target=850,current=850,compute_ms=3,max_ms=21,overrun=27,error=-295,filtered_error=-305.6,filtered_rate=0.6,confidence=0.66,active=2,kp=0.240,kd=0.420,steering=-44,left=806,right=894,on_line=1,mode=FAST"
2026-07-09 11:26:08.136,192.168.0.50:61880,status,2683,,,850,850,3,21,28,-413,-385.6,-13.1,0.63,3,,,0.240,0.420,,,-62,,788,912,,FAST,,,,,,,,,,,,"type=status,loop=2683,target=850,current=850,compute_ms=3,max_ms=21,overrun=28,error=-413,filtered_error=-385.6,filtered_rate=-13.1,confidence=0.63,active=3,kp=0.240,kd=0.420,steering=-62,left=788,right=912,on_line=1,mode=FAST"
2026-07-09 11:26:08.567,192.168.0.50:61880,status,2733,,,460,460,3,21,28,2042,2123.5,89.5,0.82,3,,,0.240,0.420,,,532,,992,80,,HARD,,,,,,,,,,,,"type=status,loop=2733,target=460,current=460,compute_ms=3,max_ms=21,overrun=28,error=2042,filtered_error=2123.5,filtered_rate=89.5,confidence=0.82,active=3,kp=0.240,kd=0.420,steering=532,left=992,right=80,on_line=1,mode=HARD"
2026-07-09 11:26:09.122,192.168.0.50:61880,status,2783,,,460,460,2,21,29,-386,-395.8,-121.3,0.68,2,,,0.240,0.420,,,-131,,329,850,,HARD,,,,,,,,,,,,"type=status,loop=2783,target=460,current=460,compute_ms=2,max_ms=21,overrun=29,error=-386,filtered_error=-395.8,filtered_rate=-121.3,confidence=0.68,active=2,kp=0.240,kd=0.420,steering=-131,left=329,right=850,on_line=1,mode=HARD"
2026-07-09 11:26:09.606,192.168.0.50:61880,status,2833,,,850,850,2,21,29,376,412.2,-36.8,0.75,2,,,0.240,0.420,,,51,,901,799,,FAST,,,,,,,,,,,,"type=status,loop=2833,target=850,current=850,compute_ms=2,max_ms=21,overrun=29,error=376,filtered_error=412.2,filtered_rate=-36.8,confidence=0.75,active=2,kp=0.240,kd=0.420,steering=51,left=901,right=799,on_line=1,mode=FAST"
2026-07-09 11:26:10.222,192.168.0.50:61880,status,2882,,,520,520,3,21,30,-1470,-1503.6,-33.5,0.72,3,,,0.240,0.420,,,-360,,160,880,,FAST,,,,,,,,,,,,"type=status,loop=2882,target=520,current=520,compute_ms=3,max_ms=21,overrun=30,error=-1470,filtered_error=-1503.6,filtered_rate=-33.5,confidence=0.72,active=3,kp=0.240,kd=0.420,steering=-360,left=160,right=880,on_line=1,mode=FAST"
2026-07-09 11:26:10.846,192.168.0.50:61880,status,2932,,,700,700,3,21,30,-691,-805.4,68.0,0.74,2,,,0.240,0.420,,,-150,,550,850,,FAST,,,,,,,,,,,,"type=status,loop=2932,target=700,current=700,compute_ms=3,max_ms=21,overrun=30,error=-691,filtered_error=-805.4,filtered_rate=68.0,confidence=0.74,active=2,kp=0.240,kd=0.420,steering=-150,left=550,right=850,on_line=1,mode=FAST"
2026-07-09 11:26:11.186,192.168.0.50:61880,status,2982,,,520,520,2,21,31,1467,1563.7,11.0,0.82,3,,,0.240,0.420,,,365,,885,155,,FAST,,,,,,,,,,,,"type=status,loop=2982,target=520,current=520,compute_ms=2,max_ms=21,overrun=31,error=1467,filtered_error=1563.7,filtered_rate=11.0,confidence=0.82,active=3,kp=0.240,kd=0.420,steering=365,left=885,right=155,on_line=1,mode=FAST"
2026-07-09 11:26:11.737,192.168.0.50:61880,status,3032,,,700,700,3,21,31,1450,1407.3,63.9,0.67,3,,,0.240,0.420,,,350,,1000,350,,FAST,,,,,,,,,,,,"type=status,loop=3032,target=700,current=700,compute_ms=3,max_ms=21,overrun=31,error=1450,filtered_error=1407.3,filtered_rate=63.9,confidence=0.67,active=3,kp=0.240,kd=0.420,steering=350,left=1000,right=350,on_line=1,mode=FAST"
2026-07-09 11:26:12.343,192.168.0.50:61880,status,3082,,,700,635,2,21,32,-792,-945.7,56.2,0.66,3,,,0.240,0.420,,,-188,,447,823,,FAST,,,,,,,,,,,,"type=status,loop=3082,target=700,current=635,compute_ms=2,max_ms=21,overrun=32,error=-792,filtered_error=-945.7,filtered_rate=56.2,confidence=0.66,active=3,kp=0.240,kd=0.420,steering=-188,left=447,right=823,on_line=1,mode=FAST"
2026-07-09 11:26:12.835,192.168.0.50:61880,status,3132,,,700,700,2,21,32,-1478,-1480.6,-48.2,0.84,3,,,0.240,0.420,,,-361,,339,1000,,FAST,,,,,,,,,,,,"type=status,loop=3132,target=700,current=700,compute_ms=2,max_ms=21,overrun=32,error=-1478,filtered_error=-1480.6,filtered_rate=-48.2,confidence=0.84,active=3,kp=0.240,kd=0.420,steering=-361,left=339,right=1000,on_line=1,mode=FAST"
2026-07-09 11:26:13.308,192.168.0.50:61880,status,3181,,,700,560,2,21,33,1342,1400.7,35.9,0.75,3,,,0.240,0.420,,,336,,896,224,,FAST,,,,,,,,,,,,"type=status,loop=3181,target=700,current=560,compute_ms=2,max_ms=21,overrun=33,error=1342,filtered_error=1400.7,filtered_rate=35.9,confidence=0.75,active=3,kp=0.240,kd=0.420,steering=336,left=896,right=224,on_line=1,mode=FAST"
2026-07-09 11:26:13.624,192.168.0.50:61880,status,3231,,,700,595,2,21,33,1443,1462.3,31.6,0.83,3,,,0.240,0.420,,,349,,944,246,,FAST,,,,,,,,,,,,"type=status,loop=3231,target=700,current=595,compute_ms=2,max_ms=21,overrun=33,error=1443,filtered_error=1462.3,filtered_rate=31.6,confidence=0.83,active=3,kp=0.240,kd=0.420,steering=349,left=944,right=246,on_line=1,mode=FAST"
2026-07-09 11:26:14.108,192.168.0.50:61880,status,3280,,,460,460,3,21,34,-318,-494.6,96.7,0.76,3,,,0.240,0.420,,,-63,,397,850,,HARD,,,,,,,,,,,,"type=status,loop=3280,target=460,current=460,compute_ms=3,max_ms=21,overrun=34,error=-318,filtered_error=-494.6,filtered_rate=96.7,confidence=0.76,active=3,kp=0.240,kd=0.420,steering=-63,left=397,right=850,on_line=1,mode=HARD"
2026-07-09 11:26:14.832,192.168.0.50:61880,status,3330,,,700,570,2,21,34,-1217,-1318.5,60.6,0.75,3,,,0.240,0.420,,,-276,,294,846,,FAST,,,,,,,,,,,,"type=status,loop=3330,target=700,current=570,compute_ms=2,max_ms=21,overrun=34,error=-1217,filtered_error=-1318.5,filtered_rate=60.6,confidence=0.75,active=3,kp=0.240,kd=0.420,steering=-276,left=294,right=846,on_line=1,mode=FAST"
2026-07-09 11:26:15.148,192.168.0.50:61880,status,3379,,,460,460,3,21,35,49,122.9,-106.3,0.79,3,,,0.240,0.420,,,-29,,431,850,,HARD,,,,,,,,,,,,"type=status,loop=3379,target=460,current=460,compute_ms=3,max_ms=21,overrun=35,error=49,filtered_error=122.9,filtered_rate=-106.3,confidence=0.79,active=3,kp=0.240,kd=0.420,steering=-29,left=431,right=850,on_line=1,mode=HARD"
2026-07-09 11:26:15.723,192.168.0.50:61880,status,3429,,,850,720,3,21,35,236,293.8,-112.5,0.87,3,,,0.240,0.420,,,6,,726,714,,FAST,,,,,,,,,,,,"type=status,loop=3429,target=850,current=720,compute_ms=3,max_ms=21,overrun=35,error=236,filtered_error=293.8,filtered_rate=-112.5,confidence=0.87,active=3,kp=0.240,kd=0.420,steering=6,left=726,right=714,on_line=1,mode=FAST"
2026-07-09 11:26:16.178,192.168.0.50:61880,status,3478,,,850,850,3,21,36,-479,-353.0,-71.9,0.80,3,,,0.240,0.420,,,-75,,775,925,,FAST,,,,,,,,,,,,"type=status,loop=3478,target=850,current=850,compute_ms=3,max_ms=21,overrun=36,error=-479,filtered_error=-353.0,filtered_rate=-71.9,confidence=0.80,active=3,kp=0.240,kd=0.420,steering=-75,left=775,right=925,on_line=1,mode=FAST"
2026-07-09 11:26:16.723,192.168.0.50:61880,status,3528,,,850,770,3,21,36,-749,-684.1,36.3,0.83,3,,,0.240,0.420,,,-134,,636,904,,FAST,,,,,,,,,,,,"type=status,loop=3528,target=850,current=770,compute_ms=3,max_ms=21,overrun=36,error=-749,filtered_error=-684.1,filtered_rate=36.3,confidence=0.83,active=3,kp=0.240,kd=0.420,steering=-134,left=636,right=904,on_line=1,mode=FAST"
2026-07-09 11:26:17.248,192.168.0.50:61880,status,3578,,,480,480,3,21,37,766,773.1,57.6,0.68,2,,,0.240,0.420,,,195,,675,285,,LATE,,,,,,,,,,,,"type=status,loop=3578,target=480,current=480,compute_ms=3,max_ms=21,overrun=37,error=766,filtered_error=773.1,filtered_rate=57.6,confidence=0.68,active=2,kp=0.240,kd=0.420,steering=195,left=675,right=285,on_line=1,mode=LATE"
2026-07-09 11:26:17.840,192.168.0.50:61880,status,3628,,,400,400,2,21,37,1352,1338.7,43.5,0.79,3,,,0.240,0.420,,,325,,725,100,,LATE,,,,,,,,,,,,"type=status,loop=3628,target=400,current=400,compute_ms=2,max_ms=21,overrun=37,error=1352,filtered_error=1338.7,filtered_rate=43.5,confidence=0.79,active=3,kp=0.240,kd=0.420,steering=325,left=725,right=100,on_line=1,mode=LATE"
2026-07-09 11:26:18.215,192.168.0.50:61880,status,3677,,,480,480,2,21,38,933,985.2,-11.8,0.86,3,,,0.240,0.420,,,217,,697,263,,LATE,,,,,,,,,,,,"type=status,loop=3677,target=480,current=480,compute_ms=2,max_ms=21,overrun=38,error=933,filtered_error=985.2,filtered_rate=-11.8,confidence=0.86,active=3,kp=0.240,kd=0.420,steering=217,left=697,right=263,on_line=1,mode=LATE"
2026-07-09 11:26:18.661,192.168.0.50:61880,status,3727,,,480,480,2,21,38,-873,-922.5,-31.6,0.67,3,,,0.240,0.420,,,-220,,260,700,,LATE,,,,,,,,,,,,"type=status,loop=3727,target=480,current=480,compute_ms=2,max_ms=21,overrun=38,error=-873,filtered_error=-922.5,filtered_rate=-31.6,confidence=0.67,active=3,kp=0.240,kd=0.420,steering=-220,left=260,right=700,on_line=1,mode=LATE"
2026-07-09 11:26:19.221,192.168.0.50:61880,status,3776,,,480,480,2,21,39,-1010,-985.4,0.0,0.79,4,,,0.240,0.420,,,-222,,258,702,,LATE,,,,,,,,,,,,"type=status,loop=3776,target=480,current=480,compute_ms=2,max_ms=21,overrun=39,error=-1010,filtered_error=-985.4,filtered_rate=0.0,confidence=0.79,active=4,kp=0.240,kd=0.420,steering=-222,left=258,right=702,on_line=1,mode=LATE"
2026-07-09 11:26:19.840,192.168.0.50:61880,status,3826,,,540,540,2,21,39,97,75.3,90.1,0.72,3,,,0.240,0.420,,,41,,581,499,,LATE,,,,,,,,,,,,"type=status,loop=3826,target=540,current=540,compute_ms=2,max_ms=21,overrun=39,error=97,filtered_error=75.3,filtered_rate=90.1,confidence=0.72,active=3,kp=0.240,kd=0.420,steering=41,left=581,right=499,on_line=1,mode=LATE"
2026-07-09 11:26:20.159,192.168.0.50:61880,status,3875,,,480,480,2,21,40,1147,1017.6,58.7,0.87,3,,,0.240,0.420,,,254,,734,226,,LATE,,,,,,,,,,,,"type=status,loop=3875,target=480,current=480,compute_ms=2,max_ms=21,overrun=40,error=1147,filtered_error=1017.6,filtered_rate=58.7,confidence=0.87,active=3,kp=0.240,kd=0.420,steering=254,left=734,right=226,on_line=1,mode=LATE"
2026-07-09 11:26:20.624,192.168.0.50:61880,status,3925,,,480,480,2,21,40,1191,1104.0,48.9,0.77,4,,,0.240,0.420,,,271,,751,209,,LATE,,,,,,,,,,,,"type=status,loop=3925,target=480,current=480,compute_ms=2,max_ms=21,overrun=40,error=1191,filtered_error=1104.0,filtered_rate=48.9,confidence=0.77,active=4,kp=0.240,kd=0.420,steering=271,left=751,right=209,on_line=1,mode=LATE"
2026-07-09 11:26:21.734,192.168.0.50:61880,status,4024,,,540,540,2,21,41,-461,-440.1,29.5,0.72,3,,,0.240,0.420,,,-78,,462,618,,LATE,,,,,,,,,,,,"type=status,loop=4024,target=540,current=540,compute_ms=2,max_ms=21,overrun=41,error=-461,filtered_error=-440.1,filtered_rate=29.5,confidence=0.72,active=3,kp=0.240,kd=0.420,steering=-78,left=462,right=618,on_line=1,mode=LATE"
2026-07-09 11:26:22.146,192.168.0.50:61880,status,4073,,,540,540,2,21,42,-78,-98.7,9.4,0.54,2,,,0.240,0.420,,,-5,,535,545,,LATE,,,,,,,,,,,,"type=status,loop=4073,target=540,current=540,compute_ms=2,max_ms=21,overrun=42,error=-78,filtered_error=-98.7,filtered_rate=9.4,confidence=0.54,active=2,kp=0.240,kd=0.420,steering=-5,left=535,right=545,on_line=1,mode=LATE"
2026-07-09 11:26:22.798,192.168.0.50:61880,status,4123,,,540,540,3,21,42,335,257.3,21.0,0.69,3,,,0.240,0.420,,,56,,596,484,,LATE,,,,,,,,,,,,"type=status,loop=4123,target=540,current=540,compute_ms=3,max_ms=21,overrun=42,error=335,filtered_error=257.3,filtered_rate=21.0,confidence=0.69,active=3,kp=0.240,kd=0.420,steering=56,left=596,right=484,on_line=1,mode=LATE"
2026-07-09 11:26:23.452,192.168.0.50:61880,status,4172,,,480,480,3,21,43,993,1023.6,-38.7,1.00,4,,,0.240,0.420,,,215,,695,265,,LATE,,,,,,,,,,,,"type=status,loop=4172,target=480,current=480,compute_ms=3,max_ms=21,overrun=43,error=993,filtered_error=1023.6,filtered_rate=-38.7,confidence=1.00,active=4,kp=0.240,kd=0.420,steering=215,left=695,right=265,on_line=1,mode=LATE"
2026-07-09 11:26:23.760,192.168.0.50:61880,status,4223,,,400,400,2,21,43,1603,1583.2,11.6,0.69,2,,,0.240,0.420,,,370,,770,100,,LATE,,,,,,,,,,,,"type=status,loop=4223,target=400,current=400,compute_ms=2,max_ms=21,overrun=43,error=1603,filtered_error=1583.2,filtered_rate=11.6,confidence=0.69,active=2,kp=0.240,kd=0.420,steering=370,left=770,right=100,on_line=1,mode=LATE"
2026-07-09 11:26:24.421,192.168.0.50:61880,status,4272,,,540,540,2,21,44,-170,-138.4,-57.9,0.60,2,,,0.240,0.420,,,-43,,497,583,,LATE,,,,,,,,,,,,"type=status,loop=4272,target=540,current=540,compute_ms=2,max_ms=21,overrun=44,error=-170,filtered_error=-138.4,filtered_rate=-57.9,confidence=0.60,active=2,kp=0.240,kd=0.420,steering=-43,left=497,right=583,on_line=1,mode=LATE"
2026-07-09 11:26:24.760,192.168.0.50:61880,status,4322,,,540,540,2,21,44,-52,69.8,-31.3,0.74,3,,,0.240,0.420,,,-10,,530,550,,LATE,,,,,,,,,,,,"type=status,loop=4322,target=540,current=540,compute_ms=2,max_ms=21,overrun=44,error=-52,filtered_error=69.8,filtered_rate=-31.3,confidence=0.74,active=3,kp=0.240,kd=0.420,steering=-10,left=530,right=550,on_line=1,mode=LATE"
2026-07-09 11:26:25.235,192.168.0.50:61880,status,4371,,,540,540,3,21,45,117,99.8,20.8,0.76,3,,,0.240,0.420,,,18,,558,522,,LATE,,,,,,,,,,,,"type=status,loop=4371,target=540,current=540,compute_ms=3,max_ms=21,overrun=45,error=117,filtered_error=99.8,filtered_rate=20.8,confidence=0.76,active=3,kp=0.240,kd=0.420,steering=18,left=558,right=522,on_line=1,mode=LATE"
2026-07-09 11:26:25.700,192.168.0.50:61880,status,4422,,,540,540,2,21,45,-108,-114.1,-3.1,0.52,2,,,0.240,0.420,,,-14,,526,554,,LATE,,,,,,,,,,,,"type=status,loop=4422,target=540,current=540,compute_ms=2,max_ms=21,overrun=45,error=-108,filtered_error=-114.1,filtered_rate=-3.1,confidence=0.52,active=2,kp=0.240,kd=0.420,steering=-14,left=526,right=554,on_line=1,mode=LATE"
2026-07-09 11:26:26.244,192.168.0.50:61880,status,4471,,,540,540,2,21,46,94,74.6,13.2,0.53,2,,,0.240,0.420,,,9,,549,531,,LATE,,,,,,,,,,,,"type=status,loop=4471,target=540,current=540,compute_ms=2,max_ms=21,overrun=46,error=94,filtered_error=74.6,filtered_rate=13.2,confidence=0.53,active=2,kp=0.240,kd=0.420,steering=9,left=549,right=531,on_line=1,mode=LATE"
2026-07-09 11:26:26.778,192.168.0.50:61880,status,4521,,,540,540,2,21,46,-74,-45.7,-20.9,0.61,2,,,0.240,0.420,,,-8,,532,548,,LATE,,,,,,,,,,,,"type=status,loop=4521,target=540,current=540,compute_ms=2,max_ms=21,overrun=46,error=-74,filtered_error=-45.7,filtered_rate=-20.9,confidence=0.61,active=2,kp=0.240,kd=0.420,steering=-8,left=532,right=548,on_line=1,mode=LATE"
2026-07-09 11:26:27.306,192.168.0.50:61880,status,4570,,,540,540,2,21,47,200,186.8,13.7,0.59,2,,,0.240,0.420,,,36,,576,504,,LATE,,,,,,,,,,,,"type=status,loop=4570,target=540,current=540,compute_ms=2,max_ms=21,overrun=47,error=200,filtered_error=186.8,filtered_rate=13.7,confidence=0.59,active=2,kp=0.240,kd=0.420,steering=36,left=576,right=504,on_line=1,mode=LATE"
2026-07-09 11:26:27.668,192.168.0.50:61880,status,4620,,,540,540,3,21,47,138,113.9,-3.0,0.58,2,,,0.240,0.420,,,11,,551,529,,LATE,,,,,,,,,,,,"type=status,loop=4620,target=540,current=540,compute_ms=3,max_ms=21,overrun=47,error=138,filtered_error=113.9,filtered_rate=-3.0,confidence=0.58,active=2,kp=0.240,kd=0.420,steering=11,left=551,right=529,on_line=1,mode=LATE"
2026-07-09 11:26:28.271,192.168.0.50:61880,status,4669,,,540,540,2,21,48,313,161.9,28.2,0.65,2,,,0.240,0.420,,,36,,576,504,,LATE,,,,,,,,,,,,"type=status,loop=4669,target=540,current=540,compute_ms=2,max_ms=21,overrun=48,error=313,filtered_error=161.9,filtered_rate=28.2,confidence=0.65,active=2,kp=0.240,kd=0.420,steering=36,left=576,right=504,on_line=1,mode=LATE"
2026-07-09 11:26:28.769,192.168.0.50:61880,status,4719,,,540,540,2,21,48,305,281.5,36.0,0.59,3,,,0.240,0.420,,,68,,608,472,,LATE,,,,,,,,,,,,"type=status,loop=4719,target=540,current=540,compute_ms=2,max_ms=21,overrun=48,error=305,filtered_error=281.5,filtered_rate=36.0,confidence=0.59,active=3,kp=0.240,kd=0.420,steering=68,left=608,right=472,on_line=1,mode=LATE"
2026-07-09 11:26:29.245,192.168.0.50:61880,status,4768,,,540,540,2,21,49,67,73.1,-1.0,0.58,2,,,0.240,0.420,,,2,,542,538,,LATE,,,,,,,,,,,,"type=status,loop=4768,target=540,current=540,compute_ms=2,max_ms=21,overrun=49,error=67,filtered_error=73.1,filtered_rate=-1.0,confidence=0.58,active=2,kp=0.240,kd=0.420,steering=2,left=542,right=538,on_line=1,mode=LATE"
2026-07-09 11:26:29.773,192.168.0.50:61880,status,4818,,,540,540,3,21,49,2,-5.0,2.9,0.52,2,,,0.240,0.420,,,1,,541,539,,LATE,,,,,,,,,,,,"type=status,loop=4818,target=540,current=540,compute_ms=3,max_ms=21,overrun=49,error=2,filtered_error=-5.0,filtered_rate=2.9,confidence=0.52,active=2,kp=0.240,kd=0.420,steering=1,left=541,right=539,on_line=1,mode=LATE"
2026-07-09 11:26:30.389,192.168.0.50:61880,status,4867,,,540,540,2,21,50,151,112.3,-0.4,0.53,2,,,0.240,0.420,,,12,,552,528,,LATE,,,,,,,,,,,,"type=status,loop=4867,target=540,current=540,compute_ms=2,max_ms=21,overrun=50,error=151,filtered_error=112.3,filtered_rate=-0.4,confidence=0.53,active=2,kp=0.240,kd=0.420,steering=12,left=552,right=528,on_line=1,mode=LATE"
2026-07-09 11:26:30.867,192.168.0.50:61880,status,4917,,,540,540,2,21,50,141,165.0,-11.3,0.55,2,,,0.240,0.420,,,20,,560,520,,LATE,,,,,,,,,,,,"type=status,loop=4917,target=540,current=540,compute_ms=2,max_ms=21,overrun=50,error=141,filtered_error=165.0,filtered_rate=-11.3,confidence=0.55,active=2,kp=0.240,kd=0.420,steering=20,left=560,right=520,on_line=1,mode=LATE"
2026-07-09 11:26:31.387,192.168.0.50:61880,status,4966,,,540,540,2,21,51,230,193.3,21.7,0.62,3,,,0.240,0.420,,,41,,581,499,,LATE,,,,,,,,,,,,"type=status,loop=4966,target=540,current=540,compute_ms=2,max_ms=21,overrun=51,error=230,filtered_error=193.3,filtered_rate=21.7,confidence=0.62,active=3,kp=0.240,kd=0.420,steering=41,left=581,right=499,on_line=1,mode=LATE"
2026-07-09 11:26:31.734,192.168.0.50:61880,status,5016,,,540,540,2,21,51,289,262.3,22.3,0.68,3,,,0.240,0.420,,,57,,597,483,,LATE,,,,,,,,,,,,"type=status,loop=5016,target=540,current=540,compute_ms=2,max_ms=21,overrun=51,error=289,filtered_error=262.3,filtered_rate=22.3,confidence=0.68,active=3,kp=0.240,kd=0.420,steering=57,left=597,right=483,on_line=1,mode=LATE"
2026-07-09 11:26:32.380,192.168.0.50:61880,status,5065,,,540,540,2,21,52,96,-69.5,21.4,0.58,2,,,0.240,0.420,,,6,,546,534,,LATE,,,,,,,,,,,,"type=status,loop=5065,target=540,current=540,compute_ms=2,max_ms=21,overrun=52,error=96,filtered_error=-69.5,filtered_rate=21.4,confidence=0.58,active=2,kp=0.240,kd=0.420,steering=6,left=546,right=534,on_line=1,mode=LATE"
2026-07-09 11:26:32.799,192.168.0.50:61880,status,5115,,,540,540,2,21,52,140,125.1,2.5,0.57,2,,,0.240,0.420,,,16,,556,524,,LATE,,,,,,,,,,,,"type=status,loop=5115,target=540,current=540,compute_ms=2,max_ms=21,overrun=52,error=140,filtered_error=125.1,filtered_rate=2.5,confidence=0.57,active=2,kp=0.240,kd=0.420,steering=16,left=556,right=524,on_line=1,mode=LATE"
2026-07-09 11:26:33.373,192.168.0.50:61880,status,5164,,,540,540,2,21,53,7,40.1,-11.7,0.58,2,,,0.240,0.420,,,-4,,536,544,,LATE,,,,,,,,,,,,"type=status,loop=5164,target=540,current=540,compute_ms=2,max_ms=21,overrun=53,error=7,filtered_error=40.1,filtered_rate=-11.7,confidence=0.58,active=2,kp=0.240,kd=0.420,steering=-4,left=536,right=544,on_line=1,mode=LATE"
2026-07-09 11:26:33.731,192.168.0.50:61880,status,5214,,,540,540,2,21,53,41,52.6,-4.7,0.61,2,,,0.240,0.420,,,-1,,539,541,,LATE,,,,,,,,,,,,"type=status,loop=5214,target=540,current=540,compute_ms=2,max_ms=21,overrun=53,error=41,filtered_error=52.6,filtered_rate=-4.7,confidence=0.61,active=2,kp=0.240,kd=0.420,steering=-1,left=539,right=541,on_line=1,mode=LATE"
2026-07-09 11:26:34.297,192.168.0.50:61880,status,5263,,,400,400,2,21,54,-2512,-2505.0,-53.5,0.71,3,,,0.240,0.420,,,-609,,100,1000,,LATE,,,,,,,,,,,,"type=status,loop=5263,target=400,current=400,compute_ms=2,max_ms=21,overrun=54,error=-2512,filtered_error=-2505.0,filtered_rate=-53.5,confidence=0.71,active=3,kp=0.240,kd=0.420,steering=-609,left=100,right=1000,on_line=1,mode=LATE"
2026-07-09 11:26:34.777,192.168.0.50:61880,status,5313,,,540,540,3,21,54,-290,-281.1,-4.0,0.64,2,,,0.240,0.420,,,-54,,486,594,,LATE,,,,,,,,,,,,"type=status,loop=5313,target=540,current=540,compute_ms=3,max_ms=21,overrun=54,error=-290,filtered_error=-281.1,filtered_rate=-4.0,confidence=0.64,active=2,kp=0.240,kd=0.420,steering=-54,left=486,right=594,on_line=1,mode=LATE"
2026-07-09 11:26:35.248,192.168.0.50:61880,status,5362,,,400,400,3,21,55,-2016,-2005.3,-36.2,0.95,4,,,0.240,0.420,,,-482,,100,882,,LATE,,,,,,,,,,,,"type=status,loop=5362,target=400,current=400,compute_ms=3,max_ms=21,overrun=55,error=-2016,filtered_error=-2005.3,filtered_rate=-36.2,confidence=0.95,active=4,kp=0.240,kd=0.420,steering=-482,left=100,right=882,on_line=1,mode=LATE"
2026-07-09 11:26:35.773,192.168.0.50:61880,status,5412,,,540,540,2,21,55,-73,-29.7,26.3,0.56,2,,,0.240,0.420,,,11,,551,529,,LATE,,,,,,,,,,,,"type=status,loop=5412,target=540,current=540,compute_ms=2,max_ms=21,overrun=55,error=-73,filtered_error=-29.7,filtered_rate=26.3,confidence=0.56,active=2,kp=0.240,kd=0.420,steering=11,left=551,right=529,on_line=1,mode=LATE"
2026-07-09 11:26:36.258,192.168.0.50:61880,status,5461,,,540,540,2,21,56,-401,-306.3,-27.1,0.64,3,,,0.240,0.420,,,-70,,470,610,,LATE,,,,,,,,,,,,"type=status,loop=5461,target=540,current=540,compute_ms=2,max_ms=21,overrun=56,error=-401,filtered_error=-306.3,filtered_rate=-27.1,confidence=0.64,active=3,kp=0.240,kd=0.420,steering=-70,left=470,right=610,on_line=1,mode=LATE"
2026-07-09 11:26:36.939,192.168.0.50:61880,status,5511,,,540,540,2,21,56,7,0.9,11.1,0.53,2,,,0.240,0.420,,,4,,544,536,,LATE,,,,,,,,,,,,"type=status,loop=5511,target=540,current=540,compute_ms=2,max_ms=21,overrun=56,error=7,filtered_error=0.9,filtered_rate=11.1,confidence=0.53,active=2,kp=0.240,kd=0.420,steering=4,left=544,right=536,on_line=1,mode=LATE"
2026-07-09 11:26:37.423,192.168.0.50:61880,status,5560,,,540,540,2,21,57,127,114.7,10.3,0.51,2,,,0.240,0.420,,,17,,557,523,,LATE,,,,,,,,,,,,"type=status,loop=5560,target=540,current=540,compute_ms=2,max_ms=21,overrun=57,error=127,filtered_error=114.7,filtered_rate=10.3,confidence=0.51,active=2,kp=0.240,kd=0.420,steering=17,left=557,right=523,on_line=1,mode=LATE"
2026-07-09 11:26:37.723,192.168.0.50:61880,status,5610,,,540,540,2,21,57,-54,20.8,-13.1,0.68,3,,,0.240,0.420,,,-5,,535,545,,LATE,,,,,,,,,,,,"type=status,loop=5610,target=540,current=540,compute_ms=2,max_ms=21,overrun=57,error=-54,filtered_error=20.8,filtered_rate=-13.1,confidence=0.68,active=3,kp=0.240,kd=0.420,steering=-5,left=535,right=545,on_line=1,mode=LATE"
2026-07-09 11:26:38.252,192.168.0.50:61880,status,5659,,,540,540,2,21,58,3,-0.4,-4.2,0.54,2,,,0.240,0.420,,,-1,,539,541,,LATE,,,,,,,,,,,,"type=status,loop=5659,target=540,current=540,compute_ms=2,max_ms=21,overrun=58,error=3,filtered_error=-0.4,filtered_rate=-4.2,confidence=0.54,active=2,kp=0.240,kd=0.420,steering=-1,left=539,right=541,on_line=1,mode=LATE"
2026-07-09 11:26:38.821,192.168.0.50:61880,status,5709,,,540,540,2,21,58,-2,34.3,-0.1,0.59,2,,,0.240,0.420,,,0,,540,540,,LATE,,,,,,,,,,,,"type=status,loop=5709,target=540,current=540,compute_ms=2,max_ms=21,overrun=58,error=-2,filtered_error=34.3,filtered_rate=-0.1,confidence=0.59,active=2,kp=0.240,kd=0.420,steering=0,left=540,right=540,on_line=1,mode=LATE"
2026-07-09 11:26:39.248,192.168.0.50:61880,status,5758,,,540,540,2,21,59,119,40.9,6.5,0.58,2,,,0.240,0.420,,,2,,542,538,,LATE,,,,,,,,,,,,"type=status,loop=5758,target=540,current=540,compute_ms=2,max_ms=21,overrun=59,error=119,filtered_error=40.9,filtered_rate=6.5,confidence=0.58,active=2,kp=0.240,kd=0.420,steering=2,left=542,right=538,on_line=1,mode=LATE"
2026-07-09 11:26:39.680,192.168.0.50:61880,status,5808,,,540,540,3,21,59,156,102.4,12.3,0.58,2,,,0.240,0.420,,,15,,555,525,,LATE,,,,,,,,,,,,"type=status,loop=5808,target=540,current=540,compute_ms=3,max_ms=21,overrun=59,error=156,filtered_error=102.4,filtered_rate=12.3,confidence=0.58,active=2,kp=0.240,kd=0.420,steering=15,left=555,right=525,on_line=1,mode=LATE"
2026-07-09 11:26:40.309,192.168.0.50:61880,status,5857,,,540,540,2,21,60,209,191.7,8.8,0.76,3,,,0.240,0.420,,,35,,575,505,,LATE,,,,,,,,,,,,"type=status,loop=5857,target=540,current=540,compute_ms=2,max_ms=21,overrun=60,error=209,filtered_error=191.7,filtered_rate=8.8,confidence=0.76,active=3,kp=0.240,kd=0.420,steering=35,left=575,right=505,on_line=1,mode=LATE"
2026-07-09 11:26:40.805,192.168.0.50:61880,status,5907,,,540,540,3,21,60,20,11.7,1.4,0.44,2,,,0.240,0.420,,,0,,540,540,,LATE,,,,,,,,,,,,"type=status,loop=5907,target=540,current=540,compute_ms=3,max_ms=21,overrun=60,error=20,filtered_error=11.7,filtered_rate=1.4,confidence=0.44,active=2,kp=0.240,kd=0.420,steering=0,left=540,right=540,on_line=1,mode=LATE"
2026-07-09 11:26:41.434,192.168.0.50:61880,status,5956,,,540,540,3,21,61,-202,-94.7,-33.4,0.65,2,,,0.240,0.420,,,-22,,518,562,,LATE,,,,,,,,,,,,"type=status,loop=5956,target=540,current=540,compute_ms=3,max_ms=21,overrun=61,error=-202,filtered_error=-94.7,filtered_rate=-33.4,confidence=0.65,active=2,kp=0.240,kd=0.420,steering=-22,left=518,right=562,on_line=1,mode=LATE"
2026-07-09 11:26:41.783,192.168.0.50:61880,status,6006,,,540,540,2,21,61,-124,-63.5,-29.8,0.68,3,,,0.240,0.420,,,-13,,527,553,,LATE,,,,,,,,,,,,"type=status,loop=6006,target=540,current=540,compute_ms=2,max_ms=21,overrun=61,error=-124,filtered_error=-63.5,filtered_rate=-29.8,confidence=0.68,active=3,kp=0.240,kd=0.420,steering=-13,left=527,right=553,on_line=1,mode=LATE"
2026-07-09 11:26:42.253,192.168.0.50:61880,status,6056,,,540,540,2,21,62,138,84.1,5.8,0.61,2,,,0.240,0.420,,,8,,548,532,,LATE,,,,,,,,,,,,"type=status,loop=6056,target=540,current=540,compute_ms=2,max_ms=21,overrun=62,error=138,filtered_error=84.1,filtered_rate=5.8,confidence=0.61,active=2,kp=0.240,kd=0.420,steering=8,left=548,right=532,on_line=1,mode=LATE"
2026-07-09 11:26:42.786,192.168.0.50:61880,status,6106,,,540,540,3,21,62,7,45.3,-4.4,0.67,3,,,0.240,0.420,,,-1,,539,541,,LATE,,,,,,,,,,,,"type=status,loop=6106,target=540,current=540,compute_ms=3,max_ms=21,overrun=62,error=7,filtered_error=45.3,filtered_rate=-4.4,confidence=0.67,active=3,kp=0.240,kd=0.420,steering=-1,left=539,right=541,on_line=1,mode=LATE"
2026-07-09 11:26:43.235,192.168.0.50:61880,status,6155,,,540,540,2,21,63,-395,-298.4,-51.1,0.66,3,,,0.240,0.420,,,-78,,462,618,,LATE,,,,,,,,,,,,"type=status,loop=6155,target=540,current=540,compute_ms=2,max_ms=21,overrun=63,error=-395,filtered_error=-298.4,filtered_rate=-51.1,confidence=0.66,active=3,kp=0.240,kd=0.420,steering=-78,left=462,right=618,on_line=1,mode=LATE"
2026-07-09 11:26:43.716,192.168.0.50:61880,status,6205,,,540,540,3,21,63,-385,-396.2,16.2,0.70,2,,,0.240,0.420,,,-73,,467,613,,LATE,,,,,,,,,,,,"type=status,loop=6205,target=540,current=540,compute_ms=3,max_ms=21,overrun=63,error=-385,filtered_error=-396.2,filtered_rate=16.2,confidence=0.70,active=2,kp=0.240,kd=0.420,steering=-73,left=467,right=613,on_line=1,mode=LATE"
2026-07-09 11:26:44.195,192.168.0.50:61880,status,6254,,,540,530,2,21,64,553,594.3,-41.6,0.73,3,,,0.240,0.420,,,110,,640,420,,LATE,,,,,,,,,,,,"type=status,loop=6254,target=540,current=530,compute_ms=2,max_ms=21,overrun=64,error=553,filtered_error=594.3,filtered_rate=-41.6,confidence=0.73,active=3,kp=0.240,kd=0.420,steering=110,left=640,right=420,on_line=1,mode=LATE"
2026-07-09 11:26:44.756,192.168.0.50:61880,status,6304,,,480,480,2,21,64,911,900.8,-11.7,0.89,4,,,0.240,0.420,,,196,,676,284,,LATE,,,,,,,,,,,,"type=status,loop=6304,target=480,current=480,compute_ms=2,max_ms=21,overrun=64,error=911,filtered_error=900.8,filtered_rate=-11.7,confidence=0.89,active=4,kp=0.240,kd=0.420,steering=196,left=676,right=284,on_line=1,mode=LATE"
2026-07-09 11:26:45.231,192.168.0.50:61880,status,6353,,,540,540,2,21,65,581,470.0,12.7,0.69,3,,,0.240,0.420,,,103,,643,437,,LATE,,,,,,,,,,,,"type=status,loop=6353,target=540,current=540,compute_ms=2,max_ms=21,overrun=65,error=581,filtered_error=470.0,filtered_rate=12.7,confidence=0.69,active=3,kp=0.240,kd=0.420,steering=103,left=643,right=437,on_line=1,mode=LATE"
2026-07-09 11:26:45.779,192.168.0.50:61880,status,6403,,,480,480,2,21,65,-640,-664.8,7.1,0.75,3,,,0.240,0.420,,,-142,,338,622,,LATE,,,,,,,,,,,,"type=status,loop=6403,target=480,current=480,compute_ms=2,max_ms=21,overrun=65,error=-640,filtered_error=-664.8,filtered_rate=7.1,confidence=0.75,active=3,kp=0.240,kd=0.420,steering=-142,left=338,right=622,on_line=1,mode=LATE"
2026-07-09 11:26:46.283,192.168.0.50:61880,status,6452,,,540,540,3,21,66,-149,-218.0,4.7,0.71,2,,,0.240,0.420,,,-35,,505,575,,LATE,,,,,,,,,,,,"type=status,loop=6452,target=540,current=540,compute_ms=3,max_ms=21,overrun=66,error=-149,filtered_error=-218.0,filtered_rate=4.7,confidence=0.71,active=2,kp=0.240,kd=0.420,steering=-35,left=505,right=575,on_line=1,mode=LATE"
2026-07-09 11:26:46.792,192.168.0.50:61880,status,6503,,,540,540,3,21,66,151,38.1,26.5,0.75,3,,,0.240,0.420,,,11,,551,529,,LATE,,,,,,,,,,,,"type=status,loop=6503,target=540,current=540,compute_ms=3,max_ms=21,overrun=66,error=151,filtered_error=38.1,filtered_rate=26.5,confidence=0.75,active=3,kp=0.240,kd=0.420,steering=11,left=551,right=529,on_line=1,mode=LATE"
2026-07-09 11:26:47.315,192.168.0.50:61880,status,6552,,,540,540,2,21,67,183,168.4,8.1,0.68,3,,,0.240,0.420,,,29,,569,511,,LATE,,,,,,,,,,,,"type=status,loop=6552,target=540,current=540,compute_ms=2,max_ms=21,overrun=67,error=183,filtered_error=168.4,filtered_rate=8.1,confidence=0.68,active=3,kp=0.240,kd=0.420,steering=29,left=569,right=511,on_line=1,mode=LATE"
2026-07-09 11:26:47.782,192.168.0.50:61880,status,6602,,,540,540,2,21,67,100,100.8,-0.9,0.58,2,,,0.240,0.420,,,9,,549,531,,LATE,,,,,,,,,,,,"type=status,loop=6602,target=540,current=540,compute_ms=2,max_ms=21,overrun=67,error=100,filtered_error=100.8,filtered_rate=-0.9,confidence=0.58,active=2,kp=0.240,kd=0.420,steering=9,left=549,right=531,on_line=1,mode=LATE"
2026-07-09 11:26:48.212,192.168.0.50:61880,status,6651,,,540,540,3,21,68,68,57.0,-10.6,0.55,2,,,0.240,0.420,,,-4,,536,544,,LATE,,,,,,,,,,,,"type=status,loop=6651,target=540,current=540,compute_ms=3,max_ms=21,overrun=68,error=68,filtered_error=57.0,filtered_rate=-10.6,confidence=0.55,active=2,kp=0.240,kd=0.420,steering=-4,left=536,right=544,on_line=1,mode=LATE"
2026-07-09 11:26:48.829,192.168.0.50:61880,status,6701,,,540,540,2,21,68,140,149.6,-9.2,0.64,3,,,0.240,0.420,,,17,,557,523,,LATE,,,,,,,,,,,,"type=status,loop=6701,target=540,current=540,compute_ms=2,max_ms=21,overrun=68,error=140,filtered_error=149.6,filtered_rate=-9.2,confidence=0.64,active=3,kp=0.240,kd=0.420,steering=17,left=557,right=523,on_line=1,mode=LATE"
2026-07-09 11:26:49.443,192.168.0.50:61880,status,6750,,,540,540,2,21,69,151,69.7,7.9,0.61,2,,,0.240,0.420,,,5,,545,535,,LATE,,,,,,,,,,,,"type=status,loop=6750,target=540,current=540,compute_ms=2,max_ms=21,overrun=69,error=151,filtered_error=69.7,filtered_rate=7.9,confidence=0.61,active=2,kp=0.240,kd=0.420,steering=5,left=545,right=535,on_line=1,mode=LATE"
2026-07-09 11:26:49.753,192.168.0.50:61880,status,6799,,,220,220,3,21,70,-1560,-1160.2,-148.0,0.18,0,,,0.240,0.420,,,0,,220,650,,LATE,,,,,,,,,,,,"type=status,loop=6799,target=220,current=220,compute_ms=3,max_ms=21,overrun=70,error=-1560,filtered_error=-1160.2,filtered_rate=-148.0,confidence=0.18,active=0,kp=0.240,kd=0.420,steering=0,left=220,right=650,on_line=0,mode=LATE"
2026-07-09 11:26:50.307,192.168.0.50:61880,status,6849,,,220,220,1,21,71,-2368,-2008.7,-1.6,0.06,0,,,0.240,0.420,,,0,,0,650,,LATE,,,,,,,,,,,,"type=status,loop=6849,target=220,current=220,compute_ms=1,max_ms=21,overrun=71,error=-2368,filtered_error=-2008.7,filtered_rate=-1.6,confidence=0.06,active=0,kp=0.240,kd=0.420,steering=0,left=0,right=650,on_line=0,mode=LATE"
2026-07-09 11:26:50.564,192.168.0.50:61880,finish,,,,,,,,,388,325.1,,,,,,,,,,,,,,,,,6879,,,,,,,,,,"type=finish,loops=6879,speed=540,error=388,filtered_error=325.1,hard_entry=33,late_safe=1"
2026-07-09 11:26:50.564,192.168.0.50:61880,final,,,,,,,,,,,,,,,,,,,,,,,,True,HIGH_SPEED_LATE_SAFE,10,6879,2.551,21,72,1.05,5,3325,77,0,6,"type=final,finished=True,mode=HIGH_SPEED_LATE_SAFE,control_ms=10,loops=6879,average_compute_ms=2.551,max_compute_ms=21,overrun_count=72,overrun_rate=1.05,line_lost_entry=5,hard_entry=33,late_safe=1,telemetry_sent=3325,telemetry_skip=77,debug_skip=0,network_slow=6"
